{
    "site.sql": {
        "dbtype": "mysqli",
        "dbtech": "mysql",
        "dbname": "jollyany_quickstart",
        "sqlfile": "site.sql",
        "marker": "\n\/**ABDB**\/",
        "dbhost": "localhost",
        "dbuser": "root",
        "dbpass": null,
        "prefix": "db35r_",
        "parts": 16,
        "tables": [
            "#__action_log_config",
            "#__action_logs",
            "#__action_logs_extensions",
            "#__action_logs_users",
            "#__acym_action",
            "#__acym_automation",
            "#__acym_campaign",
            "#__acym_condition",
            "#__acym_configuration",
            "#__acym_field",
            "#__acym_history",
            "#__acym_list",
            "#__acym_mail",
            "#__acym_mail_has_list",
            "#__acym_mail_stat",
            "#__acym_queue",
            "#__acym_rule",
            "#__acym_step",
            "#__acym_tag",
            "#__acym_url",
            "#__acym_url_click",
            "#__acym_user",
            "#__acym_user_has_field",
            "#__acym_user_has_list",
            "#__acym_user_stat",
            "#__ak_profiles",
            "#__ak_stats",
            "#__ak_storage",
            "#__akeeba_common",
            "#__assets",
            "#__associations",
            "#__banner_clients",
            "#__banner_tracks",
            "#__banners",
            "#__categories",
            "#__contact_details",
            "#__content",
            "#__content_frontpage",
            "#__content_rating",
            "#__content_types",
            "#__contentitem_tag_map",
            "#__core_log_searches",
            "#__discuss_acl",
            "#__discuss_acl_group",
            "#__discuss_assignment_map",
            "#__discuss_attachments",
            "#__discuss_attachments_tmp",
            "#__discuss_badges",
            "#__discuss_badges_history",
            "#__discuss_badges_rules",
            "#__discuss_badges_users",
            "#__discuss_captcha",
            "#__discuss_category",
            "#__discuss_category_acl_item",
            "#__discuss_category_acl_map",
            "#__discuss_comments",
            "#__discuss_configs",
            "#__discuss_conversations",
            "#__discuss_conversations_message",
            "#__discuss_conversations_message_maps",
            "#__discuss_conversations_participants",
            "#__discuss_customfields",
            "#__discuss_customfields_acl",
            "#__discuss_customfields_rule",
            "#__discuss_customfields_value",
            "#__discuss_download",
            "#__discuss_external_groups",
            "#__discuss_favourites",
            "#__discuss_hashkeys",
            "#__discuss_holidays",
            "#__discuss_languages",
            "#__discuss_likes",
            "#__discuss_mailq",
            "#__discuss_migrators",
            "#__discuss_notifications",
            "#__discuss_oauth",
            "#__discuss_oauth_posts",
            "#__discuss_points",
            "#__discuss_polls",
            "#__discuss_polls_question",
            "#__discuss_polls_users",
            "#__discuss_post_types",
            "#__discuss_post_types_category",
            "#__discuss_posts",
            "#__discuss_posts_labels",
            "#__discuss_posts_labels_map",
            "#__discuss_posts_references",
            "#__discuss_posts_tags",
            "#__discuss_priorities",
            "#__discuss_ranks",
            "#__discuss_ranks_users",
            "#__discuss_ratings",
            "#__discuss_reports",
            "#__discuss_roles",
            "#__discuss_rules",
            "#__discuss_subscription",
            "#__discuss_tags",
            "#__discuss_thread",
            "#__discuss_tnc",
            "#__discuss_users",
            "#__discuss_users_banned",
            "#__discuss_users_history",
            "#__discuss_views",
            "#__discuss_votes",
            "#__easyblog_acl",
            "#__easyblog_acl_filters",
            "#__easyblog_acl_group",
            "#__easyblog_adsense",
            "#__easyblog_associations",
            "#__easyblog_autoarticle_map",
            "#__easyblog_captcha",
            "#__easyblog_category",
            "#__easyblog_category_acl",
            "#__easyblog_category_acl_item",
            "#__easyblog_category_fields_groups",
            "#__easyblog_comment",
            "#__easyblog_composer_blocks",
            "#__easyblog_configs",
            "#__easyblog_download",
            "#__easyblog_external",
            "#__easyblog_external_groups",
            "#__easyblog_favourites",
            "#__easyblog_featured",
            "#__easyblog_feedburner",
            "#__easyblog_feeds",
            "#__easyblog_feeds_history",
            "#__easyblog_fields",
            "#__easyblog_fields_filter",
            "#__easyblog_fields_groups",
            "#__easyblog_fields_groups_acl",
            "#__easyblog_fields_values",
            "#__easyblog_hashkeys",
            "#__easyblog_languages",
            "#__easyblog_likes",
            "#__easyblog_mailq",
            "#__easyblog_media",
            "#__easyblog_meta",
            "#__easyblog_migrate_content",
            "#__easyblog_oauth",
            "#__easyblog_oauth_logs",
            "#__easyblog_oauth_posts",
            "#__easyblog_post",
            "#__easyblog_post_assets",
            "#__easyblog_post_category",
            "#__easyblog_post_rejected",
            "#__easyblog_post_tag",
            "#__easyblog_post_templates",
            "#__easyblog_ratings",
            "#__easyblog_reactions",
            "#__easyblog_reactions_history",
            "#__easyblog_reports",
            "#__easyblog_revisions",
            "#__easyblog_subscriptions",
            "#__easyblog_tag",
            "#__easyblog_team",
            "#__easyblog_team_groups",
            "#__easyblog_team_post",
            "#__easyblog_team_request",
            "#__easyblog_team_users",
            "#__easyblog_themes_overrides",
            "#__easyblog_twitter_microblog",
            "#__easyblog_uploader_tmp",
            "#__easyblog_users",
            "#__easyblog_xml_wpdata",
            "#__extensions",
            "#__fields",
            "#__fields_categories",
            "#__fields_groups",
            "#__fields_values",
            "#__finder_filters",
            "#__finder_links",
            "#__finder_links_terms0",
            "#__finder_links_terms1",
            "#__finder_links_terms2",
            "#__finder_links_terms3",
            "#__finder_links_terms4",
            "#__finder_links_terms5",
            "#__finder_links_terms6",
            "#__finder_links_terms7",
            "#__finder_links_terms8",
            "#__finder_links_terms9",
            "#__finder_links_termsa",
            "#__finder_links_termsb",
            "#__finder_links_termsc",
            "#__finder_links_termsd",
            "#__finder_links_termse",
            "#__finder_links_termsf",
            "#__finder_taxonomy",
            "#__finder_taxonomy_map",
            "#__finder_terms",
            "#__finder_terms_common",
            "#__finder_tokens",
            "#__finder_tokens_aggregate",
            "#__finder_types",
            "#__hikashop_address",
            "#__hikashop_badge",
            "#__hikashop_banner",
            "#__hikashop_cart",
            "#__hikashop_cart_product",
            "#__hikashop_category",
            "#__hikashop_characteristic",
            "#__hikashop_click",
            "#__hikashop_config",
            "#__hikashop_currency",
            "#__hikashop_discount",
            "#__hikashop_download",
            "#__hikashop_email_log",
            "#__hikashop_entry",
            "#__hikashop_field",
            "#__hikashop_file",
            "#__hikashop_filter",
            "#__hikashop_geolocation",
            "#__hikashop_history",
            "#__hikashop_limit",
            "#__hikashop_massaction",
            "#__hikashop_order",
            "#__hikashop_order_product",
            "#__hikashop_orderstatus",
            "#__hikashop_payment",
            "#__hikashop_plugin",
            "#__hikashop_price",
            "#__hikashop_product",
            "#__hikashop_product_category",
            "#__hikashop_product_related",
            "#__hikashop_shipping",
            "#__hikashop_shipping_price",
            "#__hikashop_tax",
            "#__hikashop_taxation",
            "#__hikashop_user",
            "#__hikashop_variant",
            "#__hikashop_vote",
            "#__hikashop_vote_user",
            "#__hikashop_waitlist",
            "#__hikashop_warehouse",
            "#__hikashop_widget",
            "#__hikashop_zone",
            "#__hikashop_zone_link",
            "#__languages",
            "#__menu",
            "#__menu_types",
            "#__messages",
            "#__messages_cfg",
            "#__modules",
            "#__modules_menu",
            "#__newsfeeds",
            "#__overrider",
            "#__plazart_styles",
            "#__postinstall_messages",
            "#__privacy_consents",
            "#__privacy_requests",
            "#__redirect_links",
            "#__revslider_css",
            "#__revslider_layer_animations",
            "#__revslider_settings",
            "#__revslider_sliders",
            "#__revslider_slides",
            "#__revslider_static_slides",
            "#__schemas",
            "#__session",
            "#__social_access",
            "#__social_access_logs",
            "#__social_access_rules",
            "#__social_ads",
            "#__social_advertisers",
            "#__social_albums",
            "#__social_albums_favourite",
            "#__social_alert",
            "#__social_alert_map",
            "#__social_apps",
            "#__social_apps_access",
            "#__social_apps_calendar",
            "#__social_apps_directory",
            "#__social_apps_map",
            "#__social_apps_store",
            "#__social_apps_views",
            "#__social_audios",
            "#__social_audios_genres",
            "#__social_audios_genres_access",
            "#__social_avatars",
            "#__social_backgrounds",
            "#__social_badges",
            "#__social_badges_history",
            "#__social_badges_maps",
            "#__social_block_users",
            "#__social_bookmarks",
            "#__social_broadcasts",
            "#__social_clusters",
            "#__social_clusters_categories",
            "#__social_clusters_categories_access",
            "#__social_clusters_news",
            "#__social_clusters_nodes",
            "#__social_clusters_reject",
            "#__social_clusters_subscriptions",
            "#__social_comments",
            "#__social_config",
            "#__social_conversations",
            "#__social_conversations_message",
            "#__social_conversations_message_maps",
            "#__social_conversations_participants",
            "#__social_covers",
            "#__social_default_avatars",
            "#__social_default_covers",
            "#__social_discussions",
            "#__social_discussions_files",
            "#__social_download",
            "#__social_emoticons",
            "#__social_events_meta",
            "#__social_feeds",
            "#__social_fields",
            "#__social_fields_data",
            "#__social_fields_options",
            "#__social_fields_position",
            "#__social_fields_rules",
            "#__social_fields_steps",
            "#__social_files",
            "#__social_files_collections",
            "#__social_friends",
            "#__social_friends_invitations",
            "#__social_indexer",
            "#__social_languages",
            "#__social_likes",
            "#__social_links",
            "#__social_links_images",
            "#__social_lists",
            "#__social_lists_maps",
            "#__social_locations",
            "#__social_logger",
            "#__social_mailer",
            "#__social_migrators",
            "#__social_moods",
            "#__social_notifications",
            "#__social_oauth",
            "#__social_oauth_history",
            "#__social_photos",
            "#__social_photos_meta",
            "#__social_photos_tag",
            "#__social_points",
            "#__social_points_history",
            "#__social_polls",
            "#__social_polls_items",
            "#__social_polls_users",
            "#__social_privacy",
            "#__social_privacy_customize",
            "#__social_privacy_field",
            "#__social_privacy_items",
            "#__social_privacy_items_field",
            "#__social_privacy_map",
            "#__social_profiles",
            "#__social_profiles_maps",
            "#__social_reactions",
            "#__social_regions",
            "#__social_registrations",
            "#__social_relationship_status",
            "#__social_reports",
            "#__social_reviews",
            "#__social_rss",
            "#__social_search_filter",
            "#__social_shares",
            "#__social_step_sessions",
            "#__social_storage_log",
            "#__social_stream",
            "#__social_stream_assets",
            "#__social_stream_filter",
            "#__social_stream_filter_item",
            "#__social_stream_hide",
            "#__social_stream_history",
            "#__social_stream_item",
            "#__social_stream_item_history",
            "#__social_stream_privacy_field",
            "#__social_stream_sticky",
            "#__social_stream_tags",
            "#__social_subscriptions",
            "#__social_tags",
            "#__social_tags_filter",
            "#__social_tags_filter_item",
            "#__social_tasks",
            "#__social_tasks_milestones",
            "#__social_themes",
            "#__social_themes_overrides",
            "#__social_tmp",
            "#__social_uploader",
            "#__social_users",
            "#__social_verification_requests",
            "#__social_videos",
            "#__social_videos_categories",
            "#__social_videos_categories_access",
            "#__social_workflows",
            "#__social_workflows_maps",
            "#__spmedia",
            "#__sppagebuilder",
            "#__sppagebuilder_addons",
            "#__sppagebuilder_integrations",
            "#__sppagebuilder_languages",
            "#__sppagebuilder_sections",
            "#__tags",
            "#__template_styles",
            "#__tz_portfolio_plus_addon_data",
            "#__tz_portfolio_plus_addon_meta",
            "#__tz_portfolio_plus_categories",
            "#__tz_portfolio_plus_content",
            "#__tz_portfolio_plus_content_category_map",
            "#__tz_portfolio_plus_content_featured_map",
            "#__tz_portfolio_plus_content_rating",
            "#__tz_portfolio_plus_content_rejected",
            "#__tz_portfolio_plus_extensions",
            "#__tz_portfolio_plus_field_content_map",
            "#__tz_portfolio_plus_field_fieldgroup_map",
            "#__tz_portfolio_plus_fieldgroups",
            "#__tz_portfolio_plus_fields",
            "#__tz_portfolio_plus_tag_content_map",
            "#__tz_portfolio_plus_tags",
            "#__tz_portfolio_plus_templates",
            "#__ucm_base",
            "#__ucm_content",
            "#__ucm_history",
            "#__update_sites",
            "#__update_sites_extensions",
            "#__updates",
            "#__user_keys",
            "#__user_notes",
            "#__user_profiles",
            "#__user_usergroup_map",
            "#__usergroups",
            "#__users",
            "#__utf8_conversion",
            "#__viewlevels"
        ]
    }
}