<?xml version="1.0" encoding="utf-8"?>
<extension version="3.0" type="tz_portfolio_plus-plugin" group="mediatype" method="upgrade">
    <name>plg_mediatype_flipbook_gallery</name>
    <author>Sonny</author>
    <creationDate>March 22, 2019</creationDate>
    <copyright>Copyright (C) 2015-2019 TZ Portfolio. All rights reserved.</copyright>
    <license>GNU/GPL v2 or later http://www.gnu.org/licenses/gpl-2.0.html</license>
    <authorEmail>support@templaza.com</authorEmail>
    <authorUrl>www.templaza.com/</authorUrl>
    <version>1.0.1</version>
    <description>PLG_MEDIATYPE_FLIPBOOK_GALLERY_XML_DESCRIPTION</description>

    <files>
        <filename plugin="flipbook_gallery">flipbook_gallery.php</filename>
        <filename>controller.php</filename>
        <filename>index.html</filename>
        <folder>admin</folder>
        <folder>css</folder>
        <folder>fonts</folder>
        <folder>js</folder>
        <folder>language</folder>
        <folder>libraries</folder>
        <folder>models</folder>
        <folder>modules</folder>
        <folder>tmpl</folder>
        <folder>views</folder>
    </files>

    <config>
        <fields name="params" addfieldpath="administrator/components/com_tz_portfolio_plus/models/fields">
            <!-- Parameters for back-end -->
            <fieldset name="basic">
                <field type="text" name="flipbook_gallery_file_size"
                       default="10"
                       label="PLG_MEDIATYPE_FLIPBOOK_GALLERY_MAXIMUM_FILE_SIZE_LABEL"
                       description="PLG_MEDIATYPE_FLIPBOOK_GALLERY_MAXIMUM_FILE_SIZE_DESC"/>
                <field type="text" name="flipbook_gallery_file_type"
                       default="bmp,gif,jpg,jpeg,png"
                       label="PLG_MEDIATYPE_FLIPBOOK_GALLERY_FILE_TYPES_LABEL"
                       description="PLG_MEDIATYPE_FLIPBOOK_GALLERY_FILE_TYPES_DESC"/>
                <field name="flipbook_gallery_lightbox_option" type="List"
                       label="PLG_MEDIATYPE_FLIPBOOK_GALLERY_LIGHTBOX_LABEL"
                       description="PLG_MEDIATYPE_FLIPBOOK_GALLERY_LIGHTBOX_LABEL"
                       multiple="true"
                       default="[&quot;zoom&quot;, &quot;slideShow&quot;, &quot;fullScreen&quot;, &quot;thumbs&quot;, &quot;close&quot;]">
                    <option value="zoom">zoom</option>
                    <option value="share">share</option>
                    <option value="slideShow">slideShow</option>
                    <option value="fullScreen">fullScreen</option>
                    <option value="download">download</option>
                    <option value="thumbs">thumbs</option>
                    <option value="close">close</option>
                </field>
                <field type="tzmultiplefield" name="flipbook_gallery_size"
                       default='{"title":"XSmall","width":"100","image_name_prefix":"xs"},{"title":"Small","width":"200","image_name_prefix":"s"},{"title":"Medium","width":"400","image_name_prefix":"m"},{"title":"Large","width":"600","image_name_prefix":"l"},{"title":"XLarge","width":"900","image_name_prefix":"xl"}'
                       label="PLG_MEDIATYPE_FLIPBOOK_GALLERY_SIZE_LABEL">
                    <field type="text" name="title" table_required="true"
                           field_required="true"
                           label="PLG_MEDIATYPE_FLIPBOOK_GALLERY_TITLE_LABEL"/>
                    <field type="text" name="width" table_required="true"
                           field_required="true"
                           label="PLG_MEDIATYPE_FLIPBOOK_GALLERY_WIDTH_LABEL"/>
                    <field type="text" name="image_name_prefix" table_required="true"
                           field_required="true" value_validate="o"
                           label="PLG_MEDIATYPE_FLIPBOOK_GALLERY_NAME_PREFIX"/>
                </field>
            </fieldset>
            <!-- End parameters for back-end -->

            <!-- Parameters for front-end -->
            <fieldset name="front_end"
                      label="PLG_MEDIATYPE_FLIPBOOK_GALLERY_FRONT_END_FIELDSET_LABEL"
                      description="PLG_MEDIATYPE_FLIPBOOK_GALLERY_CONFIG_SETTINGS_DESC">
                <field type="radio" name="mt_flipbook_gallery_show_feed_image"
                       class="btn-group" default="1"
                       label="PLG_MEDIATYPE_FLIPBOOK_GALLERY_SHOW_FEED_IMAGE_LABEL">
                    <option value="0">JHIDE</option>
                    <option value="1">JSHOW</option>
                </field>
                <field type="tzimagesizelist" name="mt_flipbook_gallery_feed_size"
                       addon="flipbook_gallery"
                       addon_group="mediatype"
                       param_name="flipbook_gallery_size"
                       param_text="title"
                       param_value="image_name_prefix"
                       label="PLG_MEDIATYPE_FLIPBOOK_GALLERY_FEED_SIZE_LABEL">
                    <option value="o">PLG_MEDIATYPE_FLIPBOOK_GALLERY_ORIGINAL</option>
                </field>

                <!-- Start article options in category listings -->
                <field type="spacer" name="spacer_flipbook_gallery_article_category_listing_hr" hr="true"/>
                <field type="spacer" name="spacer_flipbook_gallery_article_category_listing_name"
                       class="alert alert-warning btn-block"
                       label="COM_TZ_PORTFOLIO_PLUS_SPACER_ARTICLE_OPTIONS_IN_CATEGORY_LISTINGS"/>
                <field type="radio" name="mt_cat_flipbook_gallery_show"
                       default="1" class="switcher btn-group"
                       label="PLG_MEDIATYPE_FLIPBOOK_GALLERY_SHOW_LABEL"
                       description="PLG_MEDIATYPE_FLIPBOOK_GALLERY_SHOW_LABEL">
                    <option value="0">JHIDE</option>
                    <option value="1">JSHOW</option>
                </field>
                <field type="tzimagesizelist" name="mt_cat_flipbook_gallery_size"
                       addon="flipbook_gallery"
                       addon_group="mediatype"
                       param_name="flipbook_gallery_size"
                       param_text="title"
                       param_value="image_name_prefix"
                       label="PLG_MEDIATYPE_FLIPBOOK_GALLERY_SIZE_LABEL">
                    <option value="o">PLG_MEDIATYPE_FLIPBOOK_GALLERY_ORIGINAL</option>
                </field>
                <!-- End article options in category listings -->

                <!-- Start article view options -->
                <field type="spacer" name="spacer_flipbook_gallery_article_hr" hr="true"/>
                <field type="spacer" name="spacer_flipbook_gallery_article_name"
                       class="alert alert-warning btn-block"
                       label="COM_TZ_PORTFOLIO_PLUS_ATTRIBS_FIELDSET_LABEL"/>
                <field type="radio" name="mt_flipbook_gallery_show"
                       default="1" class="switcher btn-group"
                       label="PLG_MEDIATYPE_FLIPBOOK_GALLERY_SHOW_LABEL"
                       description="PLG_MEDIATYPE_FLIPBOOK_GALLERY_SHOW_LABEL">
                    <option value="0">JHIDE</option>
                    <option value="1">JSHOW</option>
                </field>
                <field type="tzimagesizelist" name="mt_flipbook_gallery_size"
                       addon="flipbook_gallery"
                       addon_group="mediatype"
                       param_name="flipbook_gallery_size"
                       param_text="title"
                       param_value="image_name_prefix"
                       label="PLG_MEDIATYPE_FLIPBOOK_GALLERY_SIZE_LABEL">
                    <option value="o">PLG_MEDIATYPE_FLIPBOOK_GALLERY_ORIGINAL</option>
                </field>
                <field type="text" name="mt_flipbook_gallery_width"
                       default="100%"
                       label="PLG_MEDIATYPE_FLIPBOOK_GALLERY_WIDTH_LABEL"
                       description="PLG_MEDIATYPE_FLIPBOOK_GALLERY_WIDTH_DESC" />
                <field type="text" name="mt_flipbook_gallery_height"
                       default=""
                       label="PLG_MEDIATYPE_FLIPBOOK_GALLERY_HEIGHT_LABEL"
                       description="PLG_MEDIATYPE_FLIPBOOK_GALLERY_HEIGHT_DESC" />
                <field type="text" name="mt_flipbook_gallery_ratio"
                       default="5:3"
                       label="PLG_MEDIATYPE_FLIPBOOK_GALLERY_RATIO_LABEL"
                       description="PLG_MEDIATYPE_FLIPBOOK_GALLERY_RATIO_DESC" />
                <field type="list" name="mt_flipbook_gallery_direction"
                       default="LTR"
                       label="PLG_MEDIATYPE_FLIPBOOK_GALLERY_DIRECTION_LABEL">
                    <option value="LTR">PLG_MEDIATYPE_FLIPBOOK_GALLERY_LTR</option>
                    <option value="RTL">PLG_MEDIATYPE_FLIPBOOK_GALLERY_RTL</option>
                </field>
                <field type="text" name="mt_flipbook_gallery_padding"
                       default="2vw"
                       label="PLG_MEDIATYPE_FLIPBOOK_GALLERY_PADDING_LABEL" />
                <field type="radio" name="mt_flipbook_gallery_show_arrow"
                       class="btn-group" default="1"
                       label="PLG_MEDIATYPE_FLIPBOOK_GALLERY_ARROW_LABEL">
                    <option value="0">JHIDE</option>
                    <option value="1">JSHOW</option>
                </field>
                <field type="radio" name="mt_flipbook_gallery_show_page_selector"
                       class="btn-group" default="1"
                       label="PLG_MEDIATYPE_FLIPBOOK_GALLERY_PAGE_LABEL">
                    <option value="0">JHIDE</option>
                    <option value="1">JSHOW</option>
                </field>
                <field type="radio" name="mt_flipbook_gallery_show_cover_page"
                       class="btn-group" default="1"
                       label="PLG_MEDIATYPE_FLIPBOOK_GALLERY_COVER_PAGE_LABEL">
                    <option value="0">JHIDE</option>
                    <option value="1">JSHOW</option>
                </field>

                <!-- Start related options -->
                <field type="radio" name="mt_flipbook_gallery_related_show_image"
                       class="btn-group" default="1"
                       label="PLG_MEDIATYPE_FLIPBOOK_GALLERY_RELATED_SHOW_IMAGE_LABEL">
                    <option value="0">JHIDE</option>
                    <option value="1">JSHOW</option>
                </field>
                <field type="tzimagesizelist" name="mt_flipbook_gallery_related_size"
                       addon="flipbook_gallery"
                       addon_group="mediatype"
                       param_name="flipbook_gallery_size"
                       param_text="title"
                       param_value="image_name_prefix"
                       label="PLG_MEDIATYPE_FLIPBOOK_GALLERY_RELATED_SIZE_LABEL"
                       description="PLG_MEDIATYPE_FLIPBOOK_GALLERY_RELATED_SIZE_DESC">
                    <option value="o">PLG_MEDIATYPE_FLIPBOOK_GALLERY_ORIGINAL</option>
                </field>
                <!-- End related options -->
                <!-- End article view options -->
            </fieldset>
            <!-- End parameters for front-end -->
        </fields>
    </config>
</extension>